{
    "dark": [
        "#1d2021",
        "#1d2021"
    ],
    "grey": [
        "#32302f",
        "#32302f"
    ],
    "light": [
        "#ebdbb2",
        "#ebdbb2"
    ],
    "text": [
        "fbf1c7",
        "fbf1c7"
    ],
    "focus": [
        "#665d55",
        "#665d55"
    ],
    "active": [
        "#ebdbb2",
        "#ebdbb2"
    ],
    "inactive": [
        "#ada286",
        "#ada286"
    ],
    "urgent": [
        "#fb4934",
        "#fb4934"
    ],
    "color1": [
        "#32302f",
        "#32302f"
    ],
    "color2": [
        "#79740e",
        "#79740e"
    ],
    "color3": [
        "#9d0006",
        "#9d0006"
    ],
    "color4": [
        "#b57614",
        "#b57614"
    ]
}
